0,1,1,any,0,11,300,-1,0.375,0.375,prod,1
0,2,2,any,0,11,300,-1,0.375,0.375,prod,1
0,3,3,any,0,11,300,-1,0.375,0.375,prod,1
0,4,4,any,0,11,300,-1,0.375,0.375,prod,1
0,5,5,any,0,11,300,-1,0.375,0.375,prod,1
0,6,6,any,0,11,300,-1,0.375,0.375,prod,1
0,7,7,any,0,11,300,-1,0.375,0.375,prod,1
0,8,8,any,0,11,300,-1,0.375,0.375,prod,1
0,9,9,any,0,11,300,-1,0.375,0.375,prod,1
0,10,10,any,0,11,300,-1,0.375,0.375,prod,1
0,11,11,any,0,11,300,-1,0.375,0.375,prod,1
0,12,12,any,0,11,300,-1,0.375,0.375,prod,1
0,13,13,any,0,11,300,-1,0.375,0.375,prod,1
0,14,14,any,0,11,300,-1,0.375,0.375,prod,1
0,15,15,any,0,11,300,-1,0.375,0.375,prod,1
0,16,16,any,0,11,300,-1,0.375,0.375,prod,1
0,17,17,any,0,11,300,-1,0.375,0.375,prod,1
0,18,18,any,0,11,300,-1,0.375,0.375,prod,1
0,19,19,any,0,11,300,-1,0.375,0.375,prod,1
0,20,20,any,0,11,300,-1,0.375,0.375,prod,1
0,21,21,any,0,11,300,-1,0.375,0.375,prod,1
0,22,22,any,0,11,300,-1,0.375,0.375,prod,1
0,23,23,any,0,11,300,-1,0.375,0.375,prod,1
0,24,24,any,0,11,300,-1,0.375,0.375,prod,1
0,25,25,any,0,11,300,-1,0.375,0.375,prod,1
0,26,26,any,0,11,300,-1,0.375,0.375,prod,1
0,27,27,any,0,11,300,-1,0.375,0.375,prod,1
0,28,28,any,0,11,300,-1,0.375,0.375,prod,1
0,29,29,any,0,11,300,-1,0.375,0.375,prod,1
0,30,30,any,0,11,300,-1,0.375,0.375,prod,1
0,31,31,any,0,11,300,-1,0.375,0.375,prod,1
0,32,32,any,0,11,300,-1,0.375,0.375,prod,1
0,33,33,any,0,11,300,-1,0.375,0.375,prod,1
0,34,34,any,0,11,300,-1,0.375,0.375,prod,1
0,35,35,any,0,11,300,-1,0.375,0.375,prod,1
0,36,36,any,0,11,300,-1,0.375,0.375,prod,1
0,37,37,any,0,11,300,-1,0.375,0.375,prod,1
0,38,38,any,0,11,300,-1,0.375,0.375,prod,1
0,39,39,any,0,11,300,-1,0.375,0.375,prod,1
0,40,40,any,0,11,300,-1,0.375,0.375,prod,1
0,41,41,any,0,11,300,-1,0.375,0.375,prod,1
0,42,42,any,0,11,300,-1,0.375,0.375,prod,1
0,43,43,any,0,11,300,-1,0.375,0.375,prod,1
0,44,44,any,0,11,300,-1,0.375,0.375,prod,1
0,45,45,any,0,11,300,-1,0.375,0.375,prod,1
0,46,46,any,0,11,300,-1,0.375,0.375,prod,1
0,47,47,any,0,11,300,-1,0.375,0.375,prod,1
0,48,48,any,0,11,300,-1,0.375,0.375,prod,1
0,49,49,any,0,11,300,-1,0.375,0.375,prod,1
0,50,50,any,0,11,300,-1,0.375,0.375,prod,1
0,51,51,any,0,11,300,-1,0.375,0.375,prod,1
0,52,52,any,0,11,300,-1,0.375,0.375,prod,1
0,53,53,any,0,11,300,-1,0.375,0.375,prod,1
0,54,54,any,0,11,300,-1,0.375,0.375,prod,1
0,55,55,any,0,11,300,-1,0.375,0.375,prod,1
0,56,56,any,0,11,300,-1,0.375,0.375,prod,1
0,57,57,any,0,11,300,-1,0.375,0.375,prod,1
0,58,58,any,0,11,300,-1,0.375,0.375,prod,1
0,59,59,any,0,11,300,-1,0.375,0.375,prod,1
0,60,60,any,0,11,300,-1,0.375,0.375,prod,1
0,61,61,any,0,11,300,-1,0.375,0.375,prod,1
0,62,62,any,0,11,300,-1,0.375,0.375,prod,1
0,63,63,any,0,11,300,-1,0.375,0.375,prod,1
0,64,64,any,0,11,300,-1,0.375,0.375,prod,1
0,65,65,any,0,11,300,-1,0.375,0.375,prod,1
0,66,66,any,0,11,300,-1,0.375,0.375,prod,1
0,67,67,any,0,11,300,-1,0.375,0.375,prod,1
0,68,68,any,0,11,300,-1,0.375,0.375,prod,1
0,69,69,any,0,11,300,-1,0.375,0.375,prod,1
0,70,70,any,0,11,300,-1,0.375,0.375,prod,1
0,71,71,any,0,11,300,-1,0.375,0.375,prod,1
0,72,72,any,0,11,300,-1,0.375,0.375,prod,1
0,73,73,any,0,11,300,-1,0.375,0.375,prod,1
0,74,74,any,0,11,300,-1,0.375,0.375,prod,1
0,75,75,any,0,11,300,-1,0.375,0.375,prod,1
0,76,76,any,0,11,300,-1,0.375,0.375,prod,1
0,77,77,any,0,11,300,-1,0.375,0.375,prod,1
0,78,78,any,0,11,300,-1,0.375,0.375,prod,1
0,79,79,any,0,11,300,-1,0.375,0.375,prod,1
0,80,80,any,0,11,300,-1,0.375,0.375,prod,1
0,81,81,any,0,11,300,-1,0.375,0.375,prod,1
0,82,82,any,0,11,300,-1,0.375,0.375,prod,1
0,83,83,any,0,11,300,-1,0.375,0.375,prod,1
0,84,84,any,0,11,300,-1,0.375,0.375,prod,1
0,85,85,any,0,11,300,-1,0.375,0.375,prod,1
0,86,86,any,0,11,300,-1,0.375,0.375,prod,1
0,87,87,any,0,11,300,-1,0.375,0.375,prod,1
0,88,88,any,0,11,300,-1,0.375,0.375,prod,1
0,89,89,any,0,11,300,-1,0.375,0.375,prod,1
0,90,90,any,0,11,300,-1,0.375,0.375,prod,1
0,91,91,any,0,11,300,-1,0.375,0.375,prod,1
0,92,92,any,0,11,300,-1,0.375,0.375,prod,1
0,93,93,any,0,11,300,-1,0.375,0.375,prod,1
0,94,94,any,0,11,300,-1,0.375,0.375,prod,1
0,95,95,any,0,11,300,-1,0.375,0.375,prod,1
0,96,96,any,0,11,300,-1,0.375,0.375,prod,1
0,97,97,any,0,11,300,-1,0.375,0.375,prod,1
0,98,98,any,0,11,300,-1,0.375,0.375,prod,1
0,99,99,any,0,11,300,-1,0.375,0.375,prod,1
0,100,100,any,0,11,300,-1,0.375,0.375,prod,1
0,101,101,any,0,11,300,-1,0.375,0.375,prod,1
0,102,102,any,0,11,300,-1,0.375,0.375,prod,1
0,103,103,any,0,11,300,-1,0.375,0.375,prod,1
0,104,104,any,0,11,300,-1,0.375,0.375,prod,1
0,105,105,any,0,11,300,-1,0.375,0.375,prod,1
0,106,106,any,0,11,300,-1,0.375,0.375,prod,1
0,107,107,any,0,11,300,-1,0.375,0.375,prod,1
0,108,108,any,0,11,300,-1,0.375,0.375,prod,1
0,109,109,any,0,11,300,-1,0.375,0.375,prod,1
0,110,110,any,0,11,300,-1,0.375,0.375,prod,1
0,111,111,any,0,11,300,-1,0.375,0.375,prod,1
0,112,112,any,0,11,300,-1,0.375,0.375,prod,1
0,113,113,any,0,11,300,-1,0.375,0.375,prod,1
0,114,114,any,0,11,300,-1,0.375,0.375,prod,1
0,115,115,any,0,11,300,-1,0.375,0.375,prod,1
0,116,116,any,0,11,300,-1,0.375,0.375,prod,1
0,117,117,any,0,11,300,-1,0.375,0.375,prod,1
0,118,118,any,0,11,300,-1,0.375,0.375,prod,1
0,119,119,any,0,11,300,-1,0.375,0.375,prod,1
0,120,120,any,0,11,300,-1,0.375,0.375,prod,1
0,121,121,any,0,11,300,-1,0.375,0.375,prod,1
0,122,122,any,0,11,300,-1,0.375,0.375,prod,1
0,123,123,any,0,11,300,-1,0.375,0.375,prod,1
0,124,124,any,0,11,300,-1,0.375,0.375,prod,1
0,125,125,any,0,11,300,-1,0.375,0.375,prod,1
0,126,126,any,0,11,300,-1,0.375,0.375,prod,1
0,127,127,any,0,11,300,-1,0.375,0.375,prod,1
0,128,128,any,0,11,300,-1,0.375,0.375,prod,1
0,129,129,any,0,11,300,-1,0.375,0.375,prod,1
0,130,130,any,0,11,300,-1,0.375,0.375,prod,1
0,131,131,any,0,11,300,-1,0.375,0.375,prod,1
0,132,132,any,0,11,300,-1,0.375,0.375,prod,1
0,133,133,any,0,11,300,-1,0.375,0.375,prod,1
0,134,134,any,0,11,300,-1,0.375,0.375,prod,1
0,135,135,any,0,11,300,-1,0.375,0.375,prod,1
0,136,136,any,0,11,300,-1,0.375,0.375,prod,1
0,137,137,any,0,11,300,-1,0.375,0.375,prod,1
0,138,138,any,0,11,300,-1,0.375,0.375,prod,1
0,139,139,any,0,11,300,-1,0.375,0.375,prod,1
0,140,140,any,0,11,300,-1,0.375,0.375,prod,1
0,141,141,any,0,11,300,-1,0.375,0.375,prod,1
0,142,142,any,0,11,300,-1,0.375,0.375,prod,1
0,143,143,any,0,11,300,-1,0.375,0.375,prod,1
0,144,144,any,0,11,300,-1,0.375,0.375,prod,1
0,145,145,any,0,11,300,-1,0.375,0.375,prod,1
0,146,146,any,0,11,300,-1,0.375,0.375,prod,1
0,147,147,any,0,11,300,-1,0.375,0.375,prod,1
0,148,148,any,0,11,300,-1,0.375,0.375,prod,1
0,149,149,any,0,11,300,-1,0.375,0.375,prod,1
0,150,150,any,0,11,300,-1,0.375,0.375,prod,1
0,151,151,any,0,11,300,-1,0.375,0.375,prod,1
0,152,152,any,0,11,300,-1,0.375,0.375,prod,1
0,153,153,any,0,11,300,-1,0.375,0.375,prod,1
0,154,154,any,0,11,300,-1,0.375,0.375,prod,1
0,155,155,any,0,11,300,-1,0.375,0.375,prod,1
0,156,156,any,0,11,300,-1,0.375,0.375,prod,1
0,157,157,any,0,11,300,-1,0.375,0.375,prod,1
0,158,158,any,0,11,300,-1,0.375,0.375,prod,1
0,159,159,any,0,11,300,-1,0.375,0.375,prod,1
0,160,160,any,0,11,300,-1,0.375,0.375,prod,1
0,161,161,any,0,11,300,-1,0.375,0.375,prod,1
0,162,162,any,0,11,300,-1,0.375,0.375,prod,1
0,163,163,any,0,11,300,-1,0.375,0.375,prod,1
0,164,164,any,0,11,300,-1,0.375,0.375,prod,1
0,165,165,any,0,11,300,-1,0.375,0.375,prod,1
0,166,166,any,0,11,300,-1,0.375,0.375,prod,1
0,167,167,any,0,11,300,-1,0.375,0.375,prod,1
0,168,168,any,0,11,300,-1,0.375,0.375,prod,1
0,169,169,any,0,11,300,-1,0.375,0.375,prod,1
0,170,170,any,0,11,300,-1,0.375,0.375,prod,1
0,171,171,any,0,11,300,-1,0.375,0.375,prod,1
0,172,172,any,0,11,300,-1,0.375,0.375,prod,1
0,173,173,any,0,11,300,-1,0.375,0.375,prod,1
0,174,174,any,0,11,300,-1,0.375,0.375,prod,1
0,175,175,any,0,11,300,-1,0.375,0.375,prod,1
0,176,176,any,0,11,300,-1,0.375,0.375,prod,1
0,177,177,any,0,11,300,-1,0.375,0.375,prod,1
0,178,178,any,0,11,300,-1,0.375,0.375,prod,1
0,179,179,any,0,11,300,-1,0.375,0.375,prod,1
0,180,180,any,0,11,300,-1,0.375,0.375,prod,1
0,181,181,any,0,11,300,-1,0.375,0.375,prod,1
0,182,182,any,0,11,300,-1,0.375,0.375,prod,1
0,183,183,any,0,11,300,-1,0.375,0.375,prod,1
0,184,184,any,0,11,300,-1,0.375,0.375,prod,1
0,185,185,any,0,11,300,-1,0.375,0.375,prod,1
0,186,186,any,0,11,300,-1,0.375,0.375,prod,1
0,187,187,any,0,11,300,-1,0.375,0.375,prod,1
0,188,188,any,0,11,300,-1,0.375,0.375,prod,1
0,189,189,any,0,11,300,-1,0.375,0.375,prod,1
0,190,190,any,0,11,300,-1,0.375,0.375,prod,1
0,191,191,any,0,11,300,-1,0.375,0.375,prod,1
0,192,192,any,0,11,300,-1,0.375,0.375,prod,1
0,193,193,any,0,11,300,-1,0.375,0.375,prod,1
0,194,194,any,0,11,300,-1,0.375,0.375,prod,1
0,195,195,any,0,11,300,-1,0.375,0.375,prod,1
0,196,196,any,0,11,300,-1,0.375,0.375,prod,1
0,197,197,any,0,11,300,-1,0.375,0.375,prod,1
0,198,198,any,0,11,300,-1,0.375,0.375,prod,1
0,199,199,any,0,11,300,-1,0.375,0.375,prod,1
0,200,200,any,0,11,300,-1,0.375,0.375,prod,1
